-- phpMyAdmin SQL Dump
-- version 5.0.4
-- https://www.phpmyadmin.net/
--
-- Хост: 127.0.0.1:3306
-- Время создания: Авг 19 2022 г., 07:24
-- Версия сервера: 8.0.19
-- Версия PHP: 8.0.1

SET SQL_MODE = "NO_AUTO_VALUE_ON_ZERO";
START TRANSACTION;
SET time_zone = "+00:00";


/*!40101 SET @OLD_CHARACTER_SET_CLIENT=@@CHARACTER_SET_CLIENT */;
/*!40101 SET @OLD_CHARACTER_SET_RESULTS=@@CHARACTER_SET_RESULTS */;
/*!40101 SET @OLD_COLLATION_CONNECTION=@@COLLATION_CONNECTION */;
/*!40101 SET NAMES utf8mb4 */;

--
-- База данных: `symfony_test`
--

-- --------------------------------------------------------

--
-- Структура таблицы `article`
--

CREATE TABLE `article` (
  `id` int NOT NULL,
  `title` varchar(255) COLLATE utf8mb4_unicode_ci NOT NULL,
  `author` varchar(255) COLLATE utf8mb4_unicode_ci NOT NULL,
  `content` longtext COLLATE utf8mb4_unicode_ci NOT NULL,
  `category` int NOT NULL,
  `published_at` varchar(255) COLLATE utf8mb4_unicode_ci NOT NULL
) ENGINE=InnoDB DEFAULT CHARSET=utf8mb4 COLLATE=utf8mb4_unicode_ci;

--
-- Дамп данных таблицы `article`
--

INSERT INTO `article` (`id`, `title`, `author`, `content`, `category`, `published_at`) VALUES
(19, 'Наглядно о том, почему скорость света не такая быстрая', 'Петров Иван', 'Для любого человека выражение «со скоростью света» стало синонимом слова «мгновенно». Действительно, масштабы нашей планеты не позволяют уловить конечность скорости света, однако уже довольно давно физиками была установлена предельная величина, с которой можно передвигаться сквозь пространство — 299 792 458 м / с.', 1, '2022-08-18 20:58:09'),
(20, 'Сколько фотонов во Вселенной?', 'Петров Иван', 'Фотоны — элементарные безмассовые частицы, кванты электромагнитного излучения, которые мы воспринимаем как свет. Множество фотонов попадают на окружающие нас предметы и отражаются в сетчатку нашего глаза, давая нам возможность видеть.', 1, '2022-08-18 20:59:01'),
(21, 'Ученые обнаружили возможные следы предыдущей Вселенной', 'Петров Иван', 'Среди множеств теорий, объясняющих жизненный цикл нашей Вселенной, особый интерес представляет «Конформная циклическая космология». Её автор — известный физик Роджер Пенроуз, стоящий в одном ряду с такими личностями, как, например, Стивен Хокинг.', 1, '2022-08-18 20:59:40'),
(22, 'Почему радиация ассоциируется с зеленым цветом?', 'Петров Иван', 'Какой цвет приходит нам в голову, когда речь идет о радиоактивных элементах? Наверняка, многие подумали о зеленом. Но правда заключается в том, что очень немногие радиоактивные вещества светятся сами по себе: свечение (или радиолюминесценция) возникает благодаря взаимодействию испускаемых частиц с окружающими их материалами. Это свечение может быть и желтым, и голубым, и желтоватым… Но почему-то именно зеленый цвет у нас плотно ассоциируется с радиацией.', 1, '2022-08-18 21:00:19'),
(23, 'Зачем фрукты меняют свой вкус и цвет во время созревания?', 'Петров Иван', 'Почему фрукты во время созревания меняют свой вкус и цвет? Не для того ведь, чтобы угодить животным и нравиться им своим видом, сладостью и свежестью? Как раз для этого!\n\nНекоторые растения в процессе эволюции приспособились распространять свои семена при помощи ветра или прикрепляясь к шкурам пробегающих мимо животных. Другим же не оставалось ничего иного, как привлекать их внимание своим вкусом. Съедая плод, животное распространяет его семена, оставляя их вместе с экскрементами.', 1, '2022-08-18 21:00:59'),
(24, 'Можно ли сфотографировать строение атома?', 'Петров Иван', 'Чтобы понять, можно ли сфотографировать структуру атома, нужно выяснить, что этот самый атом из себя представляет. Каждый хотя бы раз видел картинку, которой обычно изображают строение атома.\nВ его центре находится ядро (так называемый нуклон – протоны и нейтроны, соединенные сильным взаимодействием между собой), а вокруг ядра по орбиталям крутятся электроны. Но такая схема часто вводит в заблуждение: орбитали показаны на ней как тонкие линии, а электроны выступают в качестве частиц. Все это напоминает движение космических тел по орбитам. Но на самом деле, эта схема передает лишь общие черты строения атома.', 1, '2022-08-18 21:02:18'),
(25, 'Платье-лапша: что это и с чем носить', 'Иванов Николай', 'Такие платья ценят за лаконичную элегантность, универсальность и, конечно же, за возможность продемонстрировать достоинства фигуры!', 4, '2022-08-18 21:03:45'),
(26, 'Луч солнца в утренней дымке: 11 очаровательных сочетаний с пастельно-жёлтым цветом', 'Иванов Николай', 'Светлый жёлтый — не просто более мягкий оттенок насыщенного, но цвет со своим характером! Он способен выглядеть гармонично как рядом с пастельными, так и с яркими цветами.', 4, '2022-08-18 21:04:20'),
(27, 'Своя атмосфера: что такое бельевой стиль и как его приручить', 'Иванов Николай', 'Стиль, о котором слышали все, но далеко не каждая решается его примерить! Разбираем составляющие бельевого стиля и анализируем, как добавить их в ваш гардероб.', 4, '2022-08-18 21:04:51'),
(28, 'Приходское духовенство Российской православной церкви и свержение монархии в 1917 году ', 'Иванов Николай', 'Итоги Февральской революции рядовые священнослужители Русской православной церкви (РПЦ) начали коллегиальным образом обсуждать уже через несколько дней после ее завершения. Приоритет в этом принадлежит собраниям духовенства столичных и губернских городов. Несколько позже, начиная со второй половины марта, по всей стране стали созываться многочисленные епархиальные, викариатские, городские и благочиннические собрания и съезды духовенства. На епархиальных съездах присутствовали избранные соответствующими собраниями делегаты от духовенства или всех благочиннических округов, или даже от всех приходов (например, по одному священнику, дьякону, псаломщику и мирянину), представители от мужских и женских монастырей (как правило - по одному человеку), два-три представителя от духовной консистории (епархиального управления - М.Б.), от духовных учебных заведений (зачастую по одному представителю) и от церковно-приходских школ (например, по одному от каждого уезда).', 2, '2022-08-18 21:07:17'),
(29, 'Даурская ссылка протопопа Аввакума ', 'Иванов Николай', 'В яркой биографии одного из выдающихся идеологов русского старообрядчества протопопа Аввакума есть особо выделенный им самим период \"даурской\" ссылки. Он подробно описан Аввакумом в его \"Житии\" и неоднократно упоминается в других его произведениях. Так, например, в \"Первой\" челобитной царю Алексею Михайловичу он называет \"Дауры\", куда послал его бывший патриарх Никон \"смертоносным местом\", а во \"Второй\" именует себя: \"в Даурах мученой протопоп Аввакум\" [1] .\nПребывание протопопа \"в Даурах\" составило почти половину его одиннадцатилетней ссылки в Сибирь и многократно описано в ряде научных и научно-популярных работ, посвященных его биографии [2] , а также в специальных статьях В. К. Никольского и академика Н. Н. Покровского [3] . Все они базируются на произведениях самого Аввакума и архивных документах о нем. Между тем, существует ряд других источников, позволяющих осветить этот период его жизни более подробно', 2, '2022-08-18 21:07:54'),
(30, 'Теоретические и прикладные задачи информатики: новые подходы и решения', 'Иванов Николай', 'Сборник содержит статьи, представленные на электронной школе-конкурсе \"Новые подходы и решения\" аспирантами и молодыми сотрудниками ИСИ СО РАН по следующим направлениям: теоретические аспекты программирования, информационные технологии и информационные системы, системное программное обеспечение, прикладное программное обеспечение.', 3, '2022-08-18 21:10:11'),
(31, 'Влияние дофамина на организм: как работает и как этим управлять', 'Иванов Николай', 'Ура! Готов магнум опус про дофамин, по мотивам подкаста Лаборатории Губермана! Это было сложно, долго и дорого, но оно того точно стоило!\n\nВ статье содержатся основные факты о дофамине и его воздействии на нас, а, главное, — описаны практические инструменты управления этим воздействием.', 3, '2022-08-18 21:11:48'),
(32, 'Для подписи приложений iOS/macOS не нужен компьютер Apple', 'Иванов Николай', 'В экосистеме Apple сейчас так устроено, что для выпуска приложений iOS/macOS требуется получение сертификата, затем подпись кода и нотаризация подписи. Согласно документации, подпись кода гарантирует пользователям, что приложение получено из известного источника и не изменялось. Для получения и использования сертификатов требуется участие в программе Apple Developer Program.\n\nТакая система удобна с точки зрения безопасности закрытой экосистемы Apple, но создаёт некоторые трудности для разработчиков.\n\nОднако любые трудности на то и существуют, чтобы их преодолевать.', 3, '2022-08-18 21:12:31'),
(33, 'Импортозамещение систем резервного копирования и автоматизация работы с бэкапами', 'Иванов Николай', 'Бэкапы окружают нас повсюду — примеры «резервного копирования» можно встретить в самых неожиданных вещах. Хоккейные команды высшей лиги часто нанимают так называемых «экстренных вратарей». Они выходят на поле, если основной голкипер и его первая замена не могут продолжать игру. Обычно на эту роль берут не профессиональных хоккеистов, а любителей, но и им иногда приходится защищать ворота своей команды.\n\nЧто уж говорить про сферу ИТ, где системы хранения данных регулярно приходят в негодность. Не так давно Киотский университет из-за ошибки в системе резервирования потерял сразу 77 терабайт данных. Больше бэкапов не было, поэтому четыре рабочие группы лишились результатов исследований.\n\nЧтобы избежать подобных ситуаций, важно хранить резервные копии на разных накопителях и в разных местах — например, по популярной модели 3-2-1. Сами копии можно делать вручную, прописывая скрипты. Такой вариант вполне годится для стартапов и малого бизнеса, но не подходит для компаний с парками серверов, насчитывающих десятки и сотни машин. Здесь на помощь приходят инструменты автоматизации.', 3, '2022-08-18 21:13:00'),
(34, 'Frontend архитектура MVP (Model-View-Presenter)', 'Иванов Николай', 'Frontend сейчас сильно разрастается, всё больше компаний переписывают свои старые решения на SPA. В компании которой я работаю это не обошло стороной.\n\nПо умолчанию был выбран фреймворк Nuxt.js, т.к Vue лучше React :))\nВ общем суть не в фреймворке, а с чего начинаем.\n', 3, '2022-08-18 21:14:34'),
(35, 'Превращаем HTML table в GridComponent. Часть I. Frontend', 'Иванов Николай', 'Это моя первая статья, в которой я хочу поделиться своими первыми шагами в мир frontend разработки на VueJS. И в качестве примера для изучения я решил реализовать вариант грида со стандартным набором функционала: сортировкой, фильтрацией и пагинацией.\n\nНесмотря на то, что в интернете очень много подобных решений и у каждого есть все вышеперечисленные функции (и даже больше), думаю что реализация этого компонента позволит читателю, особенно новичку, познакомится со многими аспектами разработки на VueJS.', 3, '2022-08-18 21:16:10'),
(36, 'Как backend разработчики frontend писали (Vue + TS + Webpack)', 'Иванов Николай', 'У нас в команде есть пару проектов, для которых есть старые frontend. Написаны все они на разных технологиях, но объединяет их одно: нежелание кого-либо туда лезть и что-то править. Команде там кажется страшно, непонятно и неудобно. Любая доработка превращается в головную боль. В очередном проекте нам хотелось не допустить такого развития событий, и, кажется, у нас получилось.\n\nДанная статья предназначена не для полноценных frontend разработчиков, а для членов команд, которым требуется реализовать небольшой frontend не имея должной экспертизы в этом вопросе. И сделать это так, чтобы каждый новый сотрудник без глубокого погружения мог сразу делать небольшие доработки.', 3, '2022-08-18 21:16:32');

-- --------------------------------------------------------

--
-- Структура таблицы `article_likes`
--

CREATE TABLE `article_likes` (
  `id` int NOT NULL,
  `user_id` int DEFAULT NULL,
  `article_id` int DEFAULT NULL,
  `created_at` varchar(250) COLLATE utf8mb4_unicode_ci DEFAULT NULL
) ENGINE=InnoDB DEFAULT CHARSET=utf8mb4 COLLATE=utf8mb4_unicode_ci;

--
-- Дамп данных таблицы `article_likes`
--

INSERT INTO `article_likes` (`id`, `user_id`, `article_id`, `created_at`) VALUES
(3, 3, 20, '2022-08-18 21:47:53'),
(4, 3, 22, '2022-08-18 22:23:23'),
(5, 3, 19, '2022-08-18 22:24:58'),
(6, 3, 27, '2022-08-18 22:33:51'),
(7, 4, 22, '2022-08-18 23:40:58'),
(8, 4, 21, '2022-08-18 23:44:31'),
(9, 4, 23, '2022-08-18 23:44:40'),
(10, 4, 25, '2022-08-18 23:46:10'),
(11, 4, 26, '2022-08-18 23:46:14'),
(12, 4, 27, '2022-08-18 23:46:20');

-- --------------------------------------------------------

--
-- Структура таблицы `category`
--

CREATE TABLE `category` (
  `id` int NOT NULL,
  `title` varchar(255) COLLATE utf8mb4_unicode_ci NOT NULL,
  `created_at` varchar(255) COLLATE utf8mb4_unicode_ci NOT NULL
) ENGINE=InnoDB DEFAULT CHARSET=utf8mb4 COLLATE=utf8mb4_unicode_ci;

--
-- Дамп данных таблицы `category`
--

INSERT INTO `category` (`id`, `title`, `created_at`) VALUES
(1, 'Наука', '2022-08-14 18:14:14'),
(2, 'Религия', '2022-08-15 12:14:14'),
(3, 'Программирование', '2022-08-15 18:14:14'),
(4, 'Мода', '2022-08-15 18:14:14');

-- --------------------------------------------------------

--
-- Структура таблицы `doctrine_migration_versions`
--

CREATE TABLE `doctrine_migration_versions` (
  `version` varchar(191) COLLATE utf8_unicode_ci NOT NULL,
  `executed_at` datetime DEFAULT NULL,
  `execution_time` int DEFAULT NULL
) ENGINE=InnoDB DEFAULT CHARSET=utf8 COLLATE=utf8_unicode_ci;

--
-- Дамп данных таблицы `doctrine_migration_versions`
--

INSERT INTO `doctrine_migration_versions` (`version`, `executed_at`, `execution_time`) VALUES
('DoctrineMigrations\\Version20220815112304', '2022-08-15 14:23:13', 43),
('DoctrineMigrations\\Version20220818160958', '2022-08-18 19:11:21', 28),
('DoctrineMigrations\\Version20220818170150', '2022-08-18 20:02:05', 34);

-- --------------------------------------------------------

--
-- Структура таблицы `user`
--

CREATE TABLE `user` (
  `id` int NOT NULL,
  `fio` varchar(255) COLLATE utf8mb4_unicode_ci DEFAULT NULL,
  `email` varchar(255) COLLATE utf8mb4_unicode_ci DEFAULT NULL,
  `phone` varchar(255) COLLATE utf8mb4_unicode_ci DEFAULT NULL,
  `role` int DEFAULT NULL,
  `password` varchar(255) COLLATE utf8mb4_unicode_ci DEFAULT NULL,
  `username` varchar(255) COLLATE utf8mb4_unicode_ci DEFAULT NULL
) ENGINE=InnoDB DEFAULT CHARSET=utf8mb4 COLLATE=utf8mb4_unicode_ci;

--
-- Дамп данных таблицы `user`
--

INSERT INTO `user` (`id`, `fio`, `email`, `phone`, `role`, `password`, `username`) VALUES
(1, NULL, 'test1@mail.ru', NULL, NULL, '$2y$10$5XOD775B05b.sDuuJSgAnOLTQJ6Krb4Bgc30QUB4fg3Twv1TzfRNm', 'Петров Иван'),
(2, NULL, 'test2@mail.ru', NULL, NULL, '$2y$10$ODCYAxebzldzTEhntD/9.u.87Wn1jvhp2lvv6/SDdfV7lzqwLCnQG', 'Иванов Николай'),
(3, NULL, 'test3@mail.ru', NULL, NULL, '$2y$10$9rFKrLPACp1WlC3aOI7Hres6x89wK99foHncAtiVtsRmdDhmXXQ/q', 'Федоров Николай'),
(4, NULL, 'test4@mail.ru', NULL, NULL, '$2y$10$3FZe8G9/4rmhuPwliEjN9O0HewxP5oVFcGSOy7/cno1X7ZtmqHKZW', 'Маликов Дмитрий');

--
-- Индексы сохранённых таблиц
--

--
-- Индексы таблицы `article`
--
ALTER TABLE `article`
  ADD PRIMARY KEY (`id`);

--
-- Индексы таблицы `article_likes`
--
ALTER TABLE `article_likes`
  ADD PRIMARY KEY (`id`);

--
-- Индексы таблицы `category`
--
ALTER TABLE `category`
  ADD PRIMARY KEY (`id`);

--
-- Индексы таблицы `doctrine_migration_versions`
--
ALTER TABLE `doctrine_migration_versions`
  ADD PRIMARY KEY (`version`);

--
-- Индексы таблицы `user`
--
ALTER TABLE `user`
  ADD PRIMARY KEY (`id`);

--
-- AUTO_INCREMENT для сохранённых таблиц
--

--
-- AUTO_INCREMENT для таблицы `article`
--
ALTER TABLE `article`
  MODIFY `id` int NOT NULL AUTO_INCREMENT, AUTO_INCREMENT=38;

--
-- AUTO_INCREMENT для таблицы `article_likes`
--
ALTER TABLE `article_likes`
  MODIFY `id` int NOT NULL AUTO_INCREMENT, AUTO_INCREMENT=13;

--
-- AUTO_INCREMENT для таблицы `category`
--
ALTER TABLE `category`
  MODIFY `id` int NOT NULL AUTO_INCREMENT, AUTO_INCREMENT=5;

--
-- AUTO_INCREMENT для таблицы `user`
--
ALTER TABLE `user`
  MODIFY `id` int NOT NULL AUTO_INCREMENT, AUTO_INCREMENT=5;
COMMIT;

/*!40101 SET CHARACTER_SET_CLIENT=@OLD_CHARACTER_SET_CLIENT */;
/*!40101 SET CHARACTER_SET_RESULTS=@OLD_CHARACTER_SET_RESULTS */;
/*!40101 SET COLLATION_CONNECTION=@OLD_COLLATION_CONNECTION */;
